<?xml version="1.0" encoding="UTF-8"?>
<uptime xmlns:xsi="http://www.w3.org/2001/XMLSchema-instance" version="4.0" target_grouping="other">
	<class>ZFS Status Monitor</class>
	<exec>com.uptimesoftware.uptime.erdc.MonitorCustomScriptRunner</exec>
	<erdc_version>2.1</erdc_version>
    <category>Operating System Monitors</category>
    <category_related>Storage Monitors</category_related>
    <grid_info>
        <supported_versions>7.3,7.4,7.5,7.6,7.7,7.8,7.9,7.10</supported_versions>
        <supported_platforms>windows, linux</supported_platforms>
        <upgrade_in_place>true</upgrade_in_place>
        <requires_agent_scripts>true</requires_agent_scripts>
    </grid_info>
	<elements>
		<element name="process_linux" parameter_type="input" data_type="string" gui_basic="1" range_type="0" hidden="true">
			<control_options> size:40 </control_options>
			<default_value>plugins/scripts/MonitorZFSStatus/zfs_status.sh</default_value>
			<short_description>Local Script Name</short_description>
			<long_description>Name of the script/binary/process to be executed by up.time </long_description>
			<validation_rule>
				<alphanumeric/>
			</validation_rule>
			<error_message>
				<alphanumeric>required field</alphanumeric>
			</error_message>
			<gui_type>
				<string/>
			</gui_type>
		</element>
		<element name="process_windows" parameter_type="input" data_type="string" gui_basic="1" range_type="0" hidden="true">
			<control_options> size:40 </control_options>
			<default_value>plugins/scripts/MonitorZFSStatus/zfs_status.bat</default_value>
			<short_description>Local Script Name</short_description>
			<long_description>Name of the script/binary/process to be executed by up.time </long_description>
			<validation_rule>
				<alphanumeric/>
			</validation_rule>
			<error_message>
				<alphanumeric>required field</alphanumeric>
			</error_message>
			<gui_type>
				<string/>
			</gui_type>
		</element>
		<element name='port' parameter_type='input' data_type='integer'
		gui_basic='1' range_type='0' units=''>
			<control_options>size:8</control_options>
			<default_value>9998</default_value>
			<short_description>Agent Port</short_description>
			<long_description>up.time Agent Port (default is 9998)</long_description>
			<validation_rule/>
			<error_message>
				<alphanumeric>required field</alphanumeric>
			</error_message>
			<gui_type>
				<integer/>
			</gui_type>
		</element>
		<element name="remote_script" parameter_type="input" data_type="string" gui_basic="1" range_type="0">
			<control_options> size:40 </control_options>
			<default_value>/opt/uptime-agent/scripts/zfs_status_agent.pl</default_value>
			<short_description>Remote ZFS Script Name</short_description>
			<long_description>Name of the ZFS Status script residing on the remote Solaris server </long_description>
			<validation_rule>
				<alphanumeric/>
			</validation_rule>
			<error_message>
				<alphanumeric>required field</alphanumeric>
			</error_message>
			<gui_type>
				<string/>
			</gui_type>
		</element>
		<element name='password' parameter_type='input' data_type='string'
		gui_basic='1' range_type='0' units=''>
			<control_options>size:8</control_options>
			<default_value></default_value>
			<short_description>up.time Agent Password</short_description>
			<long_description>Password setup on the agent system</long_description>
			<validation_rule/>
			<error_message/>
			<gui_type>
				<password/>
			</gui_type>
		</element>
		<element name='pool' parameter_type='input' data_type='string'
		gui_basic='1' range_type='0' units=''>
			<control_options>size:8</control_options>
			<default_value></default_value>
			<short_description>ZFS Pool</short_description>
			<long_description>ZFS Pool Name (used in zpool status command)</long_description>
			<validation_rule/>
			<error_message>
				<alphanumeric>required field</alphanumeric>
			</error_message>
			<gui_type>
				<string/>
			</gui_type>
		</element>
		<element name='custom1' parameter_type='output' data_type='string'
		gui_basic='1' range_type='0' units=''>
			<control_options>size:8</control_options>
			<default_value></default_value>
			<short_description>Output</short_description>
			<long_description>Output from the script</long_description>
			<validation_rule/>
			<error_message/>
			<gui_type>
				<string/>
			</gui_type>
		</element>
	</elements>
	<help>Monitors ZPool errors and, if any are found, will display info on which disks are affecting the ZPool.</help>
</uptime>
